INSERT INTO nursing_database.section
VALUES
    ('40000', 'N2002', 43),
    ('40001', 'N2002', 32),
    ('40002', 'N2002', 28),
    ('40010', 'N2004', 30),
    ('40011', 'N2004', 30),
    ('40020', 'N2009', 30),
    ('40021', 'N2009', 28),
    ('40030', 'N3009', 26),
    ('40031', 'N3009', 25),
    ('40040', 'N3010', 25),
    ('40050', 'N3011', 23),
    ('40504', 'N3028', 22),
    ('40060', 'N4000', 20),
    ('40300', 'N4066', 50);

INSERT INTO nursing_database.users
VALUES (30000006, '36', 'student6@war', 4, 2),
	(30000007, '37', 'student6@war', 4, 1);

INSERT INTO nursing_database.booking
VALUES  (102, '2018-03-02 08:00:00', '2018-03-02 10:00:00', 'SPRING2018', 6, '40303 class', '1st sem class'),
	(101, '2018-03-03 08:00:00', '2018-03-03 10:00:00', 'SPRING2018', 7, '40001 class', '1st sem class'),
	(102, '2018-03-03 09:00:00', '2018-03-03 11:00:00', 'SPRING2018', 8, '40002 class', '1st sem class'),
	(103, '2018-03-19 08:00:00', '2018-03-19 10:00:00', 'SPRING2018', 9, '43928 class', '1st sem class'),
	(104, '2018-03-03 09:00:00', '2018-03-03 11:00:00', 'SPRING2018', 10, '40020 class', '1st sem class'),
	(105, '2018-03-03 09:00:00', '2018-03-19 11:00:00', 'SPRING2018', 11, '40021 class', '1st sem class'),
	(100, '2018-03-04 13:00:00', '2018-03-04 14:00:00', 'SPRING2018', 12, '40040 class', '2nd sem class'),
	(101, '2018-03-04 13:00:00', '2018-03-04 15:00:00', 'SPRING2018', 13, '43940 clinical', '2nd sem clinical'),
	(102, '2018-03-05 08:00:00', '2018-03-05 10:00:00', 'SPRING2018', 14, '40050 class', '2nd sem class'),
	(103, '2018-03-05 09:00:00', '2018-03-05 10:00:00', 'SPRING2018', 15, '41111 class', '3rd sem class'),
	(104, '2018-03-05 08:00:00', '2018-03-05 10:00:00', 'SPRING2018', 16, '44196 class', '4th sem class'),
	(105, '2018-03-05 09:00:00', '2018-03-05 11:00:00', 'SPRING2018', 17, '40303 class', '1st sem class'),
	(100, '2018-03-07 08:00:00', '2018-03-07 11:00:00', 'SPRING2018', 18, '43928 class', '1st sem class'),
	(101, '2018-03-08 08:00:00', '2018-03-08 10:00:00', 'SPRING2018', 19, '40030 class', '2nd sem class');



INSERT into nursing_database.event_section 
VALUES  (6, 40303),
        (7, 40001),
	(8, 40002),
	(9, 43928),
	(10, 40020),
	(11, 40021),
	(12, 40040),
	(13, 43940),
	(14, 40050),
	(15, 41111),
	(16, 44196),
	(17, 40303),
	(18, 43928),
	(19, 40030);



INSERT INTO banner_database.teacher_teaches
VALUES  (20000001, 40020),
	(20000001, 40040),
	(20000001, 40050),
	(20000002, 40000),
	(20000002, 40021),
	(20000002, 41111),
	(20000002, 40060),
	(20000003, 40001),
	(20000003, 40011),
	(20000003, 40504),
	(20000004, 40002),
	(20000004, 40010),
	(20000004, 40300),
	(20000005, 40030),
	(20000005, 40031);

INSERT INTO banner_database.student_takes
VALUES 
	(30000001, 40002),
	(30000001, 40021),
	(30000002, 40000),
	(30000002, 40030),
	(30000002, 40050),
	(30000005, 44196),
	(30000006, 40030),
	(30000006, 43940),
	(30000007, 40303),
	(30000007, 40001),
	(30000007, 40020);

INSERT INTO nursing_database.leads_course 
VALUES
 	('N2000', 10000001),


	('N2002', 10000001),
        
		
	('N2004', 10000001),
        
		
	('N2009', 10000001),

		
	('N3009', 10000001),
    
        
	('N3010', 10000001),
     
		
	('N3011', 10000001),
    
        
	('N3028', 10000001),
    
        
	('N4000', 10000001),
    
        
	('N4066', 10000001);







